<?xml version="1.0" encoding="UTF-8"?>  
<beans xmlns="http://www.springframework.org/schema/beans"  
   	xmlns:xsi="http://www.w3.org/2001/XMLSchema-instance" 
   	xmlns:p="http://www.springframework.org/schema/p"
	xmlns:aop="http://www.springframework.org/schema/aop" 
	xmlns:context="http://www.springframework.org/schema/context"
	xmlns:jee="http://www.springframework.org/schema/jee"
	xmlns:tx="http://www.springframework.org/schema/tx"
    xsi:schemaLocation="  
        http://www.springframework.org/schema/aop http://www.springframework.org/schema/aop/spring-aop-4.0.xsd
		http://www.springframework.org/schema/beans http://www.springframework.org/schema/beans/spring-beans-4.0.xsd
		http://www.springframework.org/schema/context http://www.springframework.org/schema/context/spring-context-4.0.xsd
		http://www.springframework.org/schema/jee http://www.springframework.org/schema/jee/spring-jee-4.0.xsd
		http://www.springframework.org/schema/tx http://www.springframework.org/schema/tx/spring-tx-4.0.xsd">  

	<!-- 加载数据库属性配置文件 -->
	<context:property-placeholder location="classpath:/properties/db.properties,classpath:/properties/memcached.properties" />
	<!-- 自动加载构建bean -->
	<context:component-scan base-package="cn.zdmake" />
	<aop:aspectj-autoproxy/>  
		<!-- 配置数据源，使用alibaba的Druid(德鲁伊)数据源 -->
	<bean name="dataSource" class="com.alibaba.druid.pool.DruidDataSource" init-method="init" destroy-method="close">
		<property name="url" value="${db.url}" />
		<property name="username" value="${db.username}" />
		<property name="password" value="${db.password}" />
		
		<!-- 初始化连接数 -->
		<property name="initialSize" value="5" />
		<!-- 连接池最大使用连接数量 -->		
		<property name="maxActive" value="20" />
		<!-- 连接池最大空闲 -->	
		<property name="maxIdle" value="20" />
		<!-- 连接池最小空闲 -->
		<property name="minIdle" value="1" />
		<!-- 获取连接最大等待时间 -->		
		<property name="maxWait" value="60000" />
		
		<property name="validationQuery" value="${validationQuery}" />
		<property name="testOnBorrow" value="false" />
		<property name="testOnReturn" value="false" />
		<property name="testWhileIdle" value="true" />
		
		<!-- 配置间隔多久才进行一次检测，检测需要关闭的空闲连接，单位是毫秒 -->
		<property name="timeBetweenEvictionRunsMillis" value="60000" />
		<!-- 配置一个连接在池中最小生存的时间，单位是毫秒 -->
		<property name="minEvictableIdleTimeMillis" value="25200000" />
		<!-- 打开自动回收超时连接功能 -->
		<property name="removeAbandoned" value="true" />
		<!-- 1800秒，也就是30分钟 -->
		<property name="removeAbandonedTimeout" value="1800" />
		<!-- 关闭abanded连接时输出错误日志 -->
		<property name="logAbandoned" value="true" />
		<!-- 监控数据库 -->
		<property name="filters" value="mergeStat,log4j" />
	</bean>

	<!-- 配置sqlSessionFactory -->
	<bean id="sqlSessionFactory" class="org.mybatis.spring.SqlSessionFactoryBean">
		<!-- 实例化sqlSessionFactory时需要使用上述配置好的数据源以及SQL映射文件 -->
		<property name="dataSource" ref="dataSource" />
		<!-- 自动扫描cn/zooke/**/mapping/目录下的所有SQL映射的xml文件 -->
		<property name="mapperLocations" value="classpath:cn/zdmake/**/mapping/*.xml" />
	</bean>
	
	<!-- 自动扫描 将Mapper接口生成代理注入到Spring -->
	<bean class="org.mybatis.spring.mapper.MapperScannerConfigurer">
		<!-- 扫描cn.zooke.*.dao这个包以及它的子包下的所有映射接口类 -->
		<property name="basePackage" value="cn.zdmake.metro.**.dao" />
		<property name="sqlSessionFactoryBeanName" value="sqlSessionFactory" />
	</bean>
	
	<!-- 配置Spring的事务管理器 -->
	<bean id="transactionManager" class="org.springframework.jdbc.datasource.DataSourceTransactionManager">
		<property name="dataSource" ref="dataSource" />
	</bean>
	<bean id="log-filter" class="com.alibaba.druid.filter.logging.Log4jFilter">
		<property name="statementExecutableSqlLogEnable" value="true" />
	</bean>

</beans>