<?xml version="1.0" encoding="UTF-8"?>
<beans xmlns="http://www.springframework.org/schema/beans" xmlns:xsi="http://www.w3.org/2001/XMLSchema-instance"
    xsi:schemaLocation=" http://www.springframework.org/schema/beans  http://www.springframework.org/schema/beans/spring-beans-3.0.xsd "> 
    <bean class="org.springframework.scheduling.quartz.SchedulerFactoryBean ">
      <property name="triggers">
         <list>
            <ref bean="getIntervalWarningRecTrigger"/>
          <!--  <ref bean="getPreauthcodeTrigger"/>
           <ref bean="getComponentAccessTokenTrigger"/>
           <ref bean="getAuthorizerTokenTrigger"/> -->
            <!-- <ref bean="getPreauthcodeTrigger"/>
            <ref bean="orderCloseForLunchTrigger"/>
            <ref bean="orderCloseForDinnerTrigger"/>
            <ref bean="clearAllOrderTrigger"/>
            <ref bean="orderCostTrigger"/> -->
         </list>
       </property>
       <property name="autoStartup" value="true"/>
    </bean>
    
    <!-- 区间监测预警定时记录 -->
    <bean id="getIntervalWarningRecTrigger" class="org.springframework.scheduling.quartz.CronTriggerFactoryBean">
       <property name="jobDetail" ref="getIntervalWarningRecJobDetail"/>
       <property name="cronExpression" value="0 0/10 * * * ?"/>
    </bean>
    <bean id="getIntervalWarningRecJobDetail" class="org.springframework.scheduling.quartz.MethodInvokingJobDetailFactoryBean"> 
       <property name="targetObject" ref="backQuartzTasker"/>  
       <property name="targetMethod" value="executeGetAndSaveIntervalWarningRec"/>  
       <property name="concurrent" value="false"/>
    </bean>  
</beans>