<?xml version="1.0" encoding="UTF-8"?>
<beans xmlns="http://www.springframework.org/schema/beans"
	xmlns:xsi="http://www.w3.org/2001/XMLSchema-instance" xmlns:context="http://www.springframework.org/schema/context"
	xmlns:mvc="http://www.springframework.org/schema/mvc"
	xsi:schemaLocation="http://www.springframework.org/schema/beans 
	http://www.springframework.org/schema/beans/spring-beans.xsd
	http://www.springframework.org/schema/context
	http://www.springframework.org/schema/context/spring-context-3.2.xsd
	http://www.springframework.org/schema/mvc
	http://www.springframework.org/schema/mvc/spring-mvc-3.2.xsd">
<bean id="memcachedPool" class="com.whalin.MemCached.SockIOPool" 
		factory-method="getInstance" init-method="initialize" destroy-method="shutDown">
	<constructor-arg>
		<value>neeaMemcachedPool</value>
	</constructor-arg>
	<property name="servers">
		<list>
			<value>${memcache.server}</value>
		</list>
	</property>

	<property name="initConn">	
		<value>${memcache.initConn}</value>	
	</property>

	<property name="minConn">	
		<value>${memcache.minConn}</value>	
	</property>

	<property name="maxConn">	
		<value>${memcache.maxConn}</value>	
	</property>

	<property name="maintSleep">	
		<value>${memcache.maintSleep}</value>	
	</property>

	<property name="nagle">	
		<value>${memcache.nagle}</value>	
	</property>

	<property name="socketTO">	
		<value>${memcache.socketTO}</value>	
	</property>

</bean>

<bean id="memcachedClient" class="com.whalin.MemCached.MemCachedClient">
	<constructor-arg>
		<value>neeaMemcachedPool</value>
	</constructor-arg>
</bean>

</beans>