<?xml version="1.0" encoding="UTF-8"?>
<!DOCTYPE mapper PUBLIC "-//mybatis.org//DTD Mapper 3.0//EN" "http://mybatis.org/dtd/mybatis-3-mapper.dtd" >
<mapper namespace="cn.zdmake.metro.dao.IMetroLineIntervalStDao">
    <resultMap id="lineIntervalStResultMap" type="cn.zdmake.metro.model.MetroLineIntervalSt" >
        <id property="id" column="id"/>
        <result property="intervalId" column="interval_id"/>
        <result property="leftOrRight" column="left_or_right"/>
        <result property="ringNum" column="ring_num"/>
        <result property="stUp" column="st_up"/>
        <result property="stDown" column="st_down"/>
        <result property="stLeft" column="st_left"/>
        <result property="stRight" column="st_right"/>
        <result property="dateTime" column="date_time"/>
        <result property="updateTime" column="update_time"/>
    </resultMap>

    <insert id="insertObj" parameterType="cn.zdmake.metro.model.MetroLineIntervalSt" useGeneratedKeys="true" keyProperty="id">
        insert into metro_line_interval_st(interval_id,left_or_right,ring_num,st_up,st_down,st_left,st_right,date_time)
        values(#{intervalId},#{leftOrRight},#{ringNum},#{stUp},#{stDown},#{stLeft},#{stRight},now())
    </insert>

    <update id="updateObj" parameterType="java.util.HashMap">
        update metro_line_interval_st
        set update_time=now()
        <if test="intervalId != null">
            ,interval_id=#{intervalId}
        </if>
        <if test="leftOrRight != null">
            ,left_or_right=#{leftOrRight}
        </if>
        <if test="ringNum != null">
            ,ring_num=#{ringNum}
        </if>
        <if test="stUp != null">
            ,st_up=#{stUp}
        </if>
        <if test="stDown != null">
            ,st_down=#{stDown}
        </if>
        <if test="stLeft != null">
            ,st_left=#{stLeft}
        </if>
        <if test="stRight != null">
            ,st_right=#{stRight}
        </if>
        where id=#{intervalStId}
    </update>

    <delete id="deleteObj" parameterType="java.util.HashMap">
        delete from metro_line_interval_st where id=#{intervalStId}
    </delete>

    <select id="findObjById" parameterType="java.util.HashMap" resultMap="lineIntervalStResultMap">
        select * from metro_line_interval_st where id=#{intervalStId}
    </select>

    <!-- 总记录数 -->
    <select id="countObjs" parameterType="java.util.HashMap" resultType="java.lang.Integer">
        select count(1) from metro_line_interval_st
        <if test="intervalId != null">
            where interval_id=#{intervalId}
        </if>
    </select>

    <!-- 分页查询 -->
    <select id="findObjsList" parameterType="java.util.HashMap" resultMap="lineIntervalStResultMap">
        select * from metro_line_interval_st
        <if test="intervalId != null">
            where interval_id=#{intervalId}
        </if>
        <if test="start != null">
            limit #{start},#{pageSize}
        </if>
    </select>

    <select id="findLineIntervalSts" parameterType="java.util.HashMap" resultMap="lineIntervalStResultMap">
        select *  from metro_line_interval_st
        <if test="intervalId!=null">
            where interval_id=#{intervalId}
        </if>
    </select>

    <select id="findUniqueData" parameterType="java.util.HashMap" resultMap="lineIntervalStResultMap">
        select * from metro_line_interval_st where
        interval_id=#{intervalId}
        and ring_num=#{ringNum}
        and left_or_right=#{leftOrRight}
    </select>
</mapper>
