<?xml version="1.0" encoding="UTF-8"?>
<!DOCTYPE mapper PUBLIC "-//mybatis.org//DTD Mapper 3.0//EN" "http://mybatis.org/dtd/mybatis-3-mapper.dtd" >
<mapper namespace="cn.zdmake.metro.dao.IMetroCityDao">
<resultMap id="cityResultMap" type="cn.zdmake.metro.model.MetroCity" >
	<id property="id" column="id"/>
	<result property="cityName" column="city_name"/>
	<result property="projectPdfUrl" column="project_pdf_url"/>
	<result property="updateTime" column="update_time"/>
	<result property="createTime" column="create_time"/>
	<collection property="lineList" column="id" ofType="cn.zdmake.metro.model.MetroLine"
	            select="cn.zdmake.metro.dao.IMetroLineDao.findObjsForCity"/>
</resultMap>

<!-- 修改城市的工程文档url -->
<update id="editProjectPdfUrl" parameterType="java.util.HashMap" >
	update metro_city set project_pdf_url=#{projectPdfUrl} where id=#{cityId}
</update>

<select id="findObjById" parameterType="java.util.HashMap" resultMap="cityResultMap">
    select * from metro_city where id=#{cityId}
</select>

</mapper>
